annee_numero_de_tirage;jour_de_tirage;date_de_tirage;date_de_forclusion;boule_1;boule_2;boule_3;boule_4;boule_5;numero_chance;combinaison_gagnante_en_ordre_croissant;nombre_de_gagnant_au_rang1;rapport_du_rang1;nombre_de_gagnant_au_rang2;rapport_du_rang2;nombre_de_gagnant_au_rang3;rapport_du_rang3;nombre_de_gagnant_au_rang4;rapport_du_rang4;nombre_de_gagnant_au_rang5;rapport_du_rang5;nombre_de_gagnant_au_rang6;rapport_du_rang6;numero_jokerplus;devise;
2011048;MERCREDI;20110420;20110620;15;41;18;17;33;9;15-17-18-33-41+9;0;0;0;0;313;2344,5;16820;12,9;269304;5,7;384883;2;2 049 312;eur;
2011047;LUNDI   ;20110418;20110618;6;10;22;7;21;5;6-7-10-21-22+5;2;1000000;0;0;535;931,1;23004;6,4;281786;3,7;374036;2;7 730 098;eur;
2011046;SAMEDI  ;20110416;20110616;17;35;24;47;6;8;6-17-24-35-47+8;1;2000000;9;35190,5;642;1061,7;27297;10,8;398608;5,2;575164;2;9 898 394;eur;
2011045;MERCREDI;20110413;20110613;38;6;33;43;23;1;6-23-33-38-43+1;1;5000000;1;264713,3;497;1146,2;21596;11,4;301197;5,8;360416;2;9 488 998;eur;
2011044;LUNDI   ;20110411;20110611;13;47;22;3;32;6;3-13-22-32-47+6;0;0;2;84902,5;337;1084,4;15549;10,1;223552;5;328574;2;1 851 896;eur;
2011043;SAMEDI  ;20110409;20110609;6;20;31;22;41;8;6-20-22-31-41+8;0;0;4;82026,2;672;1050,8;29637;10,3;422582;5,1;592506;2;8 976 483;eur;
2011042;MERCREDI;20110406;20110606;12;19;1;32;44;3;1-12-19-32-44+3;0;0;3;83222,9;498;1078,9;23041;10,1;338328;4,9;491824;2;3 014 550;eur;
2011041;LUNDI   ;20110404;20110604;12;23;37;13;10;7;10-12-13-23-37+7;1;12000000;1;208478;444;1010,5;22752;8,5;318801;4,3;605767;2;0 844 431;eur;
2011040;SAMEDI  ;20110402;20110602;5;24;7;46;35;3;5-7-24-35-46+3;0;0;0;0;701;1536,3;32225;9,8;468567;4,8;710705;2;1 508 091;eur;
2011039;MERCREDI;20110330;20110530;15;23;27;43;29;10;15-23-27-29-43+10;0;0;0;0;651;1172,8;24741;9,1;317627;5;283720;2;1 397 184;eur;
2011038;LUNDI   ;20110328;20110528;15;10;16;46;43;1;10-15-16-43-46+1;0;0;1;159803,2;215;1599,6;11234;13,2;186146;5,7;220186;2;8 941 634;eur;
2011037;SAMEDI  ;20110326;20110526;17;26;34;4;30;9;4-17-26-30-34+9;0;0;2;157819,3;650;1045;29119;10,1;402228;5,2;525291;2;2 334 873;eur;
2011036;MERCREDI;20110323;20110523;13;4;24;21;10;5;4-10-13-21-24+5;1;3000000;9;26377,8;1122;455,3;35788;6,1;405753;3,8;557471;2;4 664 186;eur;
2011035;LUNDI   ;20110321;20110521;28;23;3;40;31;1;3-23-28-31-40+1;0;0;0;0;244;2052;13588;10,9;199014;5,3;223683;2;5 736 741;eur;
2011034;SAMEDI  ;20110319;20110519;26;10;11;23;1;8;1-10-11-23-26+8;1;3000000;2;160721,3;1355;510,5;46561;6,4;532131;4;572165;2;2 841 916;eur;
2011033;MERCREDI;20110316;20110516;23;20;32;7;14;4;7-14-20-23-32+4;0;0;3;79653,6;605;850;25894;8,6;338073;4,7;475154;2;8 711 110;eur;
2011032;LUNDI   ;20110314;20110514;32;38;36;34;27;7;27-32-34-36-38+7;1;2000000;5;32576,8;505;694,1;11389;13,3;156516;6,9;483029;2;7 421 683;eur;
2011031;SAMEDI  ;20110312;20110512;15;34;22;33;16;9;15-16-22-33-34+9;1;3000000;1;323253;442;1573,9;24248;12,4;374326;5,7;543354;2;8 208 109;eur;
2011030;MERCREDI;20110309;20110509;9;43;3;29;15;8;3-9-15-29-43+8;0;0;2;120578;767;676,6;28534;7,8;353952;4,5;443668;2;6 375 216;eur;
2011029;LUNDI   ;20110307;20110507;7;38;23;9;17;5;7-9-17-23-38+5;1;2000000;2;82356;536;661,3;21177;7,2;269260;4;392050;2;6 261 864;eur;
2011028;SAMEDI  ;20110305;20110505;11;45;44;27;31;2;11-27-31-44-45+2;1;5000000;5;67593,3;602;1208,2;29348;10,7;440315;5,1;485788;2;5 657 163;eur;
2011027;MERCREDI;20110302;20110502;20;22;40;2;3;7;2-3-20-22-40+7;0;0;5;50331;499;1085,3;22712;10,3;339332;4,9;781050;2;8 900 358;eur;
2011026;LUNDI   ;20110228;20110430;20;49;40;17;31;6;17-20-31-40-49+6;0;0;1;168621,9;283;1282,3;14220;11;201824;5,5;303764;2;0 415 183;eur;
2011025;SAMEDI  ;20110226;20110428;35;24;10;26;48;1;10-24-26-35-48+1;0;0;2;162648,4;496;1411,4;25835;11,7;395609;5,4;428688;2;1 897 377;eur;
2011024;MERCREDI;20110223;20110425;5;2;33;21;28;10;2-5-21-28-33+10;1;5000000;1;252705,3;593;917,1;25452;9,2;354074;4,7;311875;2;7 068 071;eur;
2011023;LUNDI   ;20110221;20110423;36;20;21;9;46;6;9-20-21-36-46+6;0;0;0;0;233;2339,5;13254;12,1;216084;5,3;315438;2;3 740 545;eur;
2011022;SAMEDI  ;20110219;20110421;25;2;49;32;1;6;1-2-25-32-49+6;0;0;2;165389,1;541;1315,8;26877;11,4;408838;5,3;639095;2;6 987 924;eur;
2011021;MERCREDI;20110216;20110418;44;35;32;8;33;9;8-32-33-35-44+9;0;0;2;125610,3;351;1540,3;16762;13,9;252524;6,6;418192;2;7 087 041;eur;
2011020;LUNDI   ;20110214;20110416;31;35;40;9;48;1;9-31-35-40-48+1;1;5000000;2;184542;517;1536,4;25387;13,5;401156;6,1;527460;2;9 751 435;eur;
2011019;SAMEDI  ;20110212;20110414;13;38;2;45;4;2;2-4-13-38-45+2;1;4000000;1;351856,6;679;1115,2;31875;10,2;473986;4,9;514465;2;0 777 008;eur;
2011018;MERCREDI;20110209;20110411;15;31;41;27;43;7;15-27-31-41-43+7;0;0;2;130126;389;1439,8;19553;12,4;293651;5,9;784398;2;3 250 425;eur;
2011017;LUNDI   ;20110207;20110409;6;8;49;35;25;1;6-8-25-35-49+1;0;0;0;0;337;1571,7;14832;10,5;221588;5;229662;2;0 966 313;eur;
2011016;SAMEDI  ;20110205;20110407;31;22;37;6;1;7;1-6-22-31-37+7;1;3000000;3;113986,2;641;1148,1;31203;10,2;452718;5;1053053;2;5 246 704;eur;
2011015;MERCREDI;20110202;20110404;27;6;44;23;22;3;6-22-23-27-44+3;0;0;0;0;497;1586;24645;9,4;353470;4,7;506278;2;3 002 770;eur;
2011014;LUNDI   ;20110131;20110402;20;10;13;43;3;5;3-10-13-20-43+5;1;2000000;2;82776,6;479;743,8;20543;7,5;248113;4,4;385584;2;1 490 684;eur;
2011013;SAMEDI  ;20110129;20110331;14;33;44;31;12;8;12-14-31-33-44+8;1;14000000;2;198305,9;682;1251,5;32839;11,2;496778;5,3;710367;2;2 382 892;eur;
2011012;MERCREDI;20110126;20110328;23;45;6;48;17;1;6-17-23-45-48+1;0;0;2;150606,8;569;1139,3;25335;11;377398;5,3;435442;2;1 158 514;eur;
2011011;LUNDI   ;20110124;20110326;3;39;6;48;9;4;3-6-9-39-48+4;0;0;3;68679;494;897,6;21466;8,9;277672;4,9;386125;2;1 906 245;eur;
2011010;SAMEDI  ;20110122;20110324;13;27;6;31;8;7;6-8-13-27-31+7;0;0;4;92798,4;1343;594,8;48796;7;579760;4,2;1111120;2;0 773 509;eur;
2011009;MERCREDI;20110119;20110321;36;4;12;13;1;4;1-4-12-13-36+4;0;0;1;286661,9;669;922,1;32682;8,1;438120;4,3;535242;2;5 977 704;eur;
2011008;LUNDI   ;20110117;20110319;48;49;36;24;21;5;21-24-36-48-49+5;0;0;0;0;344;1740,9;14943;11,8;226370;5,5;435206;2;6 503 040;eur;
2011007;SAMEDI  ;20110115;20110317;26;43;6;36;29;8;6-26-29-36-43+8;0;0;1;360209,7;557;1391,8;27710;12,1;410934;5,8;659939;2;9 055 796;eur;
2011006;MERCREDI;20110112;20110314;41;40;30;28;17;7;17-28-30-40-41+7;0;0;1;270442;343;1696,9;18860;13,3;303697;5,9;823225;2;3 800 351;eur;
2011005;LUNDI   ;20110110;20110312;35;33;40;37;11;4;11-33-35-37-40+4;0;0;0;0;267;2081,6;12674;12,9;184584;6,3;340781;2;5 498 393;eur;
2011004;SAMEDI  ;20110108;20110310;47;34;12;30;31;10;12-30-31-34-47+10;0;0;0;0;470;2321,6;24527;13,1;394821;5,8;438649;2;6 638 385;eur;
2011003;MERCREDI;20110105;20110307;27;47;4;5;32;5;4-5-27-32-47+5;0;0;1;254772,9;393;1395,2;20544;11,5;328823;5,1;604710;2;2 211 696;eur;
2011002;LUNDI   ;20110103;20110305;34;37;10;18;30;2;10-18-30-34-37+2;0;0;0;0;218;2387,2;11632;13,2;188457;5,8;250888;2;1 131 456;eur;
2011001;SAMEDI  ;20110101;20110303;43;49;46;34;11;3;11-34-43-46-49+3;0;0;2;168693,3;361;1522,7;17996;13,2;274508;6,1;503198;2;8 304 666;eur;
2010156;MERCREDI;20101229;20110228;47;15;46;29;11;3;11-15-29-46-47+3;1;3000000;1;318783,1;423;1227,8;19555;11,5;302059;5,3;483271;2;6 168 383;eur;
2010155;LUNDI   ;20101227;20110226;30;44;42;39;13;9;13-30-39-42-44+9;0;0;0;0;230;2356,3;10734;13,5;170724;6;256911;2;2 099 817;eur;
2010154;SAMEDI  ;20101225;20110224;16;30;29;7;10;5;7-10-16-29-30+5;1;2000000;3;109750,8;826;649,4;32110;7,2;396441;4,1;606927;2;8 007 306;eur;
2010153;MERCREDI;20101222;20110221;8;18;36;1;29;9;1-8-18-29-36+9;1;6000000;3;110418,6;568;950,2;23903;9,7;333753;5;413847;2;1 488 440;eur;
2010152;LUNDI   ;20101220;20110219;32;23;9;6;13;4;6-9-13-23-32+4;0;0;2;106607,7;469;740,7;19532;7,7;249035;4,3;329637;2;3 521 170;eur;
2010151;SAMEDI  ;20101218;20110217;35;41;40;11;22;7;11-22-35-40-41+7;0;0;1;403664;497;1323,3;23618;12;349884;5,8;968338;2;6 097 756;eur;
2010150;MERCREDI;20101215;20110214;37;6;16;28;4;8;4-6-16-28-37+8;0;0;2;155745,2;476;1066,1;22205;9,8;312336;5;419709;2;5 331 699;eur;
2010149;LUNDI   ;20101213;20110212;6;14;49;40;9;3;6-9-14-40-49+3;0;0;2;104390,3;374;909,5;16455;8,9;224461;4,6;315267;2;7 087 601;eur;
2010148;SAMEDI  ;20101211;20110210;38;3;9;11;28;1;3-9-11-28-38+1;1;3000000;6;69033,5;1073;628,9;40511;7,2;498512;4,1;413258;2;7 703 291;eur;
2010147;MERCREDI;20101208;20110207;19;15;44;4;24;1;4-15-19-24-44+1;0;0;6;51380,8;691;726,9;26845;8,1;330761;4,6;318795;2;4 622 879;eur;
2010146;LUNDI   ;20101206;20110205;13;30;33;25;36;9;13-25-30-33-36+9;1;5000000;1;218042,3;259;1371,6;13851;11,1;202683;5,4;281111;2;8 388 559;eur;
2010145;SAMEDI  ;20101204;20110203;33;12;24;7;15;6;7-12-15-24-33+6;0;0;9;44167,5;1006;643,7;40471;6,9;486764;4,1;579949;2;8 648 928;eur;
2010144;MERCREDI;20101201;20110131;34;14;32;31;46;3;14-31-32-34-46+3;0;0;1;309276,9;285;1768;14129;15,4;226384;6,8;473205;2;6 785 393;eur;
2010143;LUNDI   ;20101129;20110129;15;23;16;41;30;8;15-16-23-30-41+8;0;0;3;67860;213;1557,2;12809;11,2;179694;5,7;287246;2;3 715 053;eur;
2010142;SAMEDI  ;20101127;20110127;9;43;15;44;10;5;9-10-15-43-44+5;1;2000000;3;134759,5;521;1264,2;24770;11,5;406471;5;706940;2;5 197 930;eur;
2010141;MERCREDI;20101124;20110124;32;20;22;47;14;5;14-20-22-32-47+5;1;8000000;0;0;435;2034,9;19032;12,4;296351;5,7;593853;2;1 270 810;eur;
2010140;LUNDI   ;20101122;20110122;4;21;17;23;26;2;4-17-21-23-26+2;0;0;1;225476,8;473;776,6;20225;7,8;249857;4,5;242842;2;2 734 584;eur;
2010139;SAMEDI  ;20101120;20110120;27;12;11;29;1;2;1-11-12-27-29+2;0;0;8;53637,9;1279;546,6;44121;6,8;538766;4;463802;2;8 829 697;eur;
2010138;MERCREDI;20101117;20110117;30;38;4;9;46;10;4-9-30-38-46+10;0;0;0;0;428;2019;20083;11,5;309281;5,3;289614;2;8 300 546;eur;
2010137;LUNDI   ;20101115;20110115;33;47;14;20;17;1;14-17-20-33-47+1;0;0;0;0;276;2070,1;13887;11;198319;5,5;227787;2;5 820 106;eur;
2010136;SAMEDI  ;20101113;20110113;5;17;25;38;29;2;5-17-25-29-38+2;0;0;9;47017,1;874;788,8;31688;9,4;432710;4,9;467247;2;0 097 182;eur;
2010135;MERCREDI;20101110;20110110;47;48;20;39;16;4;16-20-39-47-48+4;0;0;0;0;305;2830,4;15951;14,5;255720;6,4;494626;2;0 577 638;eur;
2010134;LUNDI   ;20101108;20110108;35;6;9;14;47;9;6-9-14-35-47+9;1;8000000;1;235205,5;343;1117,2;15622;10,6;230167;5,1;295023;2;7 954 694;eur;
2010133;SAMEDI  ;20101106;20110106;24;19;35;7;42;3;7-19-24-35-42+3;0;0;6;80887,2;792;998,4;36272;9,4;509258;4,8;730490;2;4 676 783;eur;
2010132;MERCREDI;20101103;20110103;46;33;15;6;49;1;6-15-33-46-49+1;0;0;0;0;409;2069,1;19210;11,8;285618;5,6;332778;2;3 933 212;eur;
2010131;LUNDI   ;20101101;20110101;17;24;28;1;15;10;1-15-17-24-28+10;0;0;0;0;426;1111,6;15656;8,1;200707;4,5;157579;2;1 101 723;eur;
2010130;SAMEDI  ;20101030;20101230;38;35;4;22;14;5;4-14-22-35-38+5;1;8000000;2;221345,8;577;1250;26373;11,8;401615;5,5;755513;2;2 949 789;eur;
2010129;MERCREDI;20101027;20101227;32;13;15;46;3;5;3-13-15-32-46+5;0;0;2;167759,1;413;1323,6;20439;11,5;316743;5,3;582185;2;6 384 424;eur;
2010128;LUNDI   ;20101025;20101225;4;36;40;10;41;10;4-10-36-40-41+10;0;0;0;0;250;2303,7;11794;13,1;186993;5,9;228459;2;3 674 701;eur;
2010127;SAMEDI  ;20101023;20101223;47;49;9;16;14;7;9-14-16-47-49+7;0;0;1;418776,8;668;1021,4;28685;10,3;422491;4,9;964212;2;2 766 878;eur;
2010126;MERCREDI;20101020;20101220;13;24;33;18;11;7;11-13-18-24-33+7;0;0;1;320670,6;771;677,6;30929;7,3;380317;4,2;757727;2;4 892 062;eur;
2010125;LUNDI   ;20101018;20101218;1;31;38;26;29;5;1-26-29-31-38+5;0;0;0;0;228;2420,1;11943;12,3;188283;5,6;364386;2;7 631 737;eur;
2010124;SAMEDI  ;20101016;20101216;37;22;46;13;1;9;1-13-22-37-46+9;0;0;7;59741,9;707;963,7;28975;10,1;409516;5,1;523491;2;4 138 418;eur;
2010123;MERCREDI;20101013;20101213;33;22;9;44;25;3;9-22-25-33-44+3;1;2000000;2;165441,4;633;851,6;25830;9;335553;4,9;493018;2;6 979 677;eur;
2010122;LUNDI   ;20101011;20101211;9;20;35;4;1;8;1-4-9-20-35+8;1;8000000;2;119865,4;496;787,4;20590;8,2;262064;4,6;325473;2;4 976 216;eur;
2010121;SAMEDI  ;20101009;20101209;17;43;23;2;26;3;2-17-23-26-43+3;0;0;2;224415,4;692;1056,7;31555;10;441666;5,1;661815;2;1 931 335;eur;
2010120;MERCREDI;20101006;20101206;33;6;43;25;37;1;6-25-33-37-43+1;0;0;1;343179,7;467;1197,3;19084;12,6;289267;5,9;345845;2;3 682 867;eur;
2010119;LUNDI   ;20101004;20101204;7;46;31;29;9;8;7-9-29-31-46+8;0;0;1;219034,2;362;985,8;16901;9,1;239840;4,6;294557;2;2 374 644;eur;
2010118;SAMEDI  ;20101002;20101202;35;13;16;41;7;1;7-13-16-35-41+1;0;0;5;85974,6;628;1115,2;30742;9,8;445802;4,8;427272;2;6 332 247;eur;
2010117;MERCREDI;20100929;20101129;41;32;33;25;26;3;25-26-32-33-41+3;0;0;1;317282,2;254;2035,2;13972;16;241207;6,6;475892;2;0 824 672;eur;
2010116;LUNDI   ;20100927;20101127;15;1;23;22;46;9;1-15-22-23-46+9;0;0;0;0;307;1737,1;14142;10,1;202721;5;256791;2;5 301 459;eur;
2010115;SAMEDI  ;20100925;20101125;42;5;12;29;21;2;5-12-21-29-42+2;1;5000000;8;53067,1;997;693,7;38547;7,7;472002;4,5;455324;2;2 172 664;eur;
2010114;MERCREDI;20100922;20101122;37;38;2;14;17;1;2-14-17-37-38+1;0;0;2;163213,4;330;1611,6;17459;13,1;285861;5,7;325833;2;3 580 316;eur;
2010113;LUNDI   ;20100920;20101120;1;37;25;45;17;9;1-17-25-37-45+9;0;0;2;104944,9;318;1075,3;13247;11,1;193687;5,4;278227;2;9 902 934;eur;
2010112;SAMEDI  ;20100918;20101118;7;43;33;11;1;1;1-7-11-33-43+1;0;0;1;414705,9;912;740,8;37097;7,8;471018;4,4;425449;2;2 494 543;eur;
2010111;MERCREDI;20100915;20101115;40;1;30;8;38;6;1-8-30-38-40+6;1;4000000;6;53703,3;398;1319;19320;11,7;290753;5,5;456414;2;6 949 264;eur;
2010110;LUNDI   ;20100913;20101113;33;39;25;43;8;8;8-25-33-39-43+8;0;0;1;197905,4;240;1343,5;10696;13;167926;5,9;265767;2;5 938 402;eur;
2010109;SAMEDI  ;20100911;20101111;36;41;45;13;7;5;7-13-36-41-45+5;0;0;2;220933,3;790;911,3;30330;10,2;435130;5,1;763059;2;9 459 284;eur;
2010108;MERCREDI;20100908;20101108;24;47;21;44;13;3;13-21-24-44-47+3;2;3000000;2;244161,5;853;932,7;37288;9,2;489439;5;706428;2;5 182 392;eur;
2010107;LUNDI   ;20100906;20101106;29;22;17;19;43;8;17-19-22-29-43+8;0;0;1;222049,5;389;930;16783;9,3;228942;4,8;309918;2;0 035 616;eur;
2010106;SAMEDI  ;20100904;20101104;11;42;9;49;15;3;9-11-15-42-49+3;1;10000000;2;254006,8;864;957,9;40258;8,9;563868;4,5;742727;2;1 151 041;eur;
2010105;MERCREDI;20100901;20101101;20;39;33;21;16;2;16-20-21-33-39+2;0;0;2;192649,9;377;1665,1;19860;13,6;327728;5,9;409120;2;5 668 612;eur;
2010104;LUNDI   ;20100830;20101030;22;49;28;3;16;4;3-16-22-28-49+4;0;0;4;59536,2;497;780,7;19813;8,4;249979;4,8;360620;2;2 366 956;eur;
2010103;SAMEDI  ;20100828;20101028;13;16;18;20;19;2;13-16-18-19-20+2;0;0;12;38353,3;999;750,6;36078;9;500071;4,6;497282;2;7 913 543;eur;
2010102;MERCREDI;20100825;20101025;39;49;23;19;36;3;19-23-36-39-49+3;0;0;1;333085,4;584;929,2;21742;10,8;296711;5,6;497595;2;1 784 857;eur;
2010101;LUNDI   ;20100823;20101023;49;41;9;28;16;5;9-16-28-41-49+5;0;0;1;215335,8;305;1150,3;14511;10,4;210918;5,1;364784;2;1 821 256;eur;
2010100;SAMEDI  ;20100821;20101021;8;44;14;48;29;7;8-14-29-44-48+7;0;0;1;408686,7;582;1144,1;26673;10,8;380905;5,4;956542;2;9 572 979;eur;
2010099;MERCREDI;20100818;20101018;49;43;46;27;23;6;23-27-43-46-49+6;0;0;5;64762,4;520;1014,5;20556;11,1;286861;5,6;446762;2;3 315 222;eur;
2010098;LUNDI   ;20100816;20101016;13;22;40;28;31;9;13-22-28-31-40+9;0;0;0;0;447;1224,7;15714;9,3;217832;4,8;292234;2;4 072 826;eur;
2010097;SAMEDI  ;20100814;20101014;21;27;9;49;11;5;9-11-21-27-49+5;1;2000000;6;67341,8;1152;571,4;43279;6,5;513299;3,9;694470;2;7 417 433;eur;
2010096;MERCREDI;20100811;20101011;7;22;8;26;5;2;5-7-8-22-26+2;0;0;2;155310,5;987;512,7;37901;5,7;426840;3,6;333078;2;7 690 972;eur;
2010095;LUNDI   ;20100809;20101009;7;15;18;8;25;6;7-8-15-18-25+6;1;2000000;2;103488,9;618;545,6;21277;6,8;256883;4;286567;2;8 249 309;eur;
2010094;SAMEDI  ;20100807;20101007;43;6;46;27;5;7;5-6-27-43-46+7;1;5000000;1;420700,4;508;1349,3;25384;11,6;410451;5,1;977263;2;0 100 603;eur;
2010093;MERCREDI;20100804;20101004;32;8;46;22;9;8;8-9-22-32-46+8;0;0;0;0;418;2058,7;20159;11,4;320085;5,1;453722;2;0 304 775;eur;
2010092;LUNDI   ;20100802;20101002;16;32;44;38;37;3;16-32-37-38-44+3;0;0;1;211010,4;212;1621,6;10011;14,8;153368;6,9;326855;2;2 702 669;eur;
2010091;SAMEDI  ;20100731;20100930;2;25;44;28;8;4;2-8-25-28-44+4;0;0;3;136127;752;884,8;32129;8,9;431162;4,7;593036;2;4 168 200;eur;
2010090;MERCREDI;20100728;20100927;25;37;7;10;47;10;7-10-25-37-47+10;1;3000000;6;54220,9;653;811,7;28392;8;349629;4,6;294754;2;3 043 590;eur;
2010089;LUNDI   ;20100726;20100925;4;42;37;23;43;7;4-23-37-42-43+7;0;0;0;0;257;2170,9;11551;12,9;175459;6;474136;2;5 933 136;eur;
2010088;SAMEDI  ;20100724;20100923;18;43;16;7;33;5;7-16-18-33-43+5;1;14000000;0;0;648;2004,3;34365;10,1;479938;5,1;811049;2;3 195 955;eur;
2010087;MERCREDI;20100721;20100920;43;45;21;3;9;1;3-9-21-43-45+1;0;0;1;389883,1;681;932,7;28892;9,5;400345;4,9;412297;2;6 898 271;eur;
2010086;LUNDI   ;20100719;20100918;27;24;16;10;47;5;10-16-24-27-47+5;0;0;0;0;476;1380,7;19234;9,1;264498;4,7;418815;2;1 475 449;eur;
2010085;SAMEDI  ;20100717;20100916;32;28;47;20;22;6;20-22-28-32-47+6;0;0;6;80296,3;610;1286,8;28041;12,1;426495;5,6;665919;2;5 542 593;eur;
2010084;MERCREDI;20100714;20100913;48;30;5;26;11;1;5-11-26-30-48+1;0;0;4;82953,2;726;744,6;27925;8,3;359043;4,6;351688;2;1 742 665;eur;
2010083;LUNDI   ;20100712;20100911;47;11;15;24;38;6;11-15-24-38-47+6;0;0;1;236830,7;439;878,9;16858;9,9;235672;5;336977;2;7 360 260;eur;
2010082;SAMEDI  ;20100710;20100909;27;32;12;42;30;7;12-27-30-32-42+7;0;0;3;145899,1;652;1093,7;29579;10,4;418586;5,2;993587;2;2 170 386;eur;
2010081;MERCREDI;20100707;20100906;20;47;49;26;31;10;20-26-31-47-49+10;0;0;1;346780,2;427;1323,2;20238;12;308856;5,6;308286;2;1 351 137;eur;
2010080;LUNDI   ;20100705;20100904;39;33;43;22;31;10;22-31-33-39-43+10;0;0;0;0;253;2266,2;12113;12,7;178314;6,1;193809;2;2 914 168;eur;
2010079;SAMEDI  ;20100703;20100902;10;46;2;33;28;8;2-10-28-33-46+8;0;0;1;405897,3;642;1030,1;27205;10,5;390663;5,2;546885;2;6 388 823;eur;
2010078;MERCREDI;20100630;20100830;14;44;28;18;17;2;14-17-18-28-44+2;0;0;1;312079,8;457;1112,6;25691;8,5;315411;4,9;327082;2;7 279 215;eur;
2010077;LUNDI   ;20100628;20100828;41;49;42;19;12;8;12-19-41-42-49+8;0;0;0;0;241;2180,8;12308;11,4;193595;5,2;274193;2;6 036 754;eur;
2010076;SAMEDI  ;20100626;20100826;47;16;11;37;7;10;7-11-16-37-47+10;0;0;2;194942,9;694;915,3;31907;8,6;410909;4,7;346326;2;3 706 338;eur;
2010075;MERCREDI;20100623;20100823;16;27;41;1;35;1;1-16-27-35-41+1;1;6000000;2;161093;347;1512,7;17707;12,8;278905;5,8;334309;2;8 285 605;eur;
2010074;LUNDI   ;20100621;20100821;45;35;24;37;48;2;24-35-37-45-48+2;0;0;1;214547,3;287;1217,9;11569;13;170189;6,3;235848;2;2 851 062;eur;
2010073;SAMEDI  ;20100619;20100819;21;23;19;36;49;4;19-21-23-36-49+4;0;0;1;421663,9;611;1124,4;27517;10,8;410236;5,1;614870;2;5 927 896;eur;
2010072;MERCREDI;20100616;20100816;40;48;15;9;3;10;3-9-15-40-48+10;0;0;2;163702,2;486;1097,6;22213;10,3;326176;5;284276;2;1 218 288;eur;
2010071;LUNDI   ;20100614;20100814;15;48;23;49;45;2;15-23-45-48-49+2;0;0;1;212467,7;248;1395,8;13649;10,9;189289;5,6;234830;2;0 794 391;eur;
2010070;SAMEDI  ;20100612;20100812;30;43;48;24;15;7;15-24-30-43-48+7;2;7000000;4;130288,5;727;1167,9;30164;12,1;453962;5,7;1147121;2;3 005 861;eur;
2010069;MERCREDI;20100609;20100809;14;48;44;24;20;10;14-20-24-44-48+10;0;0;4;102531,6;624;1070,8;26896;10,7;374841;5,5;365954;2;3 881 146;eur;
2010068;LUNDI   ;20100607;20100807;29;48;42;28;26;1;26-28-29-42-48+1;0;0;1;260162,5;255;1662,2;14134;12,9;226888;5,7;270977;2;2 721 724;eur;
2010067;SAMEDI  ;20100605;20100805;37;43;31;45;22;5;22-31-37-43-45+5;0;0;3;164528,5;631;1274,4;28640;12,1;413353;6;834541;2;2 297 938;eur;
2010066;MERCREDI;20100602;20100802;43;11;14;23;17;10;11-14-17-23-43+10;0;0;2;195523,6;802;794,4;32254;8,5;415327;4,7;346693;2;7 320 181;eur;
2010065;LUNDI   ;20100531;20100731;46;49;32;5;33;1;5-32-33-46-49+1;0;0;0;0;223;2869,6;12361;13,8;197251;6,2;249073;2;9 366 214;eur;
2010064;SAMEDI  ;20100529;20100729;33;21;49;26;46;1;21-26-33-46-49+1;0;0;5;124386,4;845;1199,1;36346;12;540852;5,7;634069;2;0 713 076;eur;
2010063;MERCREDI;20100526;20100726;47;3;35;22;6;1;3-6-22-35-47+1;0;0;5;63551;425;1218,1;19526;11,4;298879;5,3;319683;2;0 027 977;eur;
2010062;LUNDI   ;20100524;20100724;8;35;29;12;3;1;3-8-12-29-35+1;0;0;3;58768;394;729;15276;8,1;196222;4,5;180748;2;1 339 853;eur;
2010061;SAMEDI  ;20100522;20100722;2;48;40;46;17;10;2-17-40-46-48+10;0;0;1;396644;330;1958,3;19844;14,1;320215;6,2;352785;2;0 259 898;eur;
2010060;MERCREDI;20100519;20100719;24;12;17;38;30;7;12-17-24-30-38+7;1;7000000;3;117788,7;746;771,7;28902;8,6;373679;4,7;824929;2;5 561 787;eur;
2010059;LUNDI   ;20100517;20100717;9;27;26;29;36;5;9-26-27-29-36+5;0;0;0;0;269;2143,9;15565;9,9;220372;5;369768;2;6 723 508;eur;
2010058;SAMEDI  ;20100515;20100715;32;31;44;27;9;8;9-27-31-32-44+8;0;0;4;103132,4;431;1559,4;24522;11,8;380230;5,4;569090;2;6 159 553;eur;
2010057;MERCREDI;20100512;20100712;28;22;27;14;23;4;14-22-23-27-28+4;0;0;3;100166,3;614;888,2;27249;8,7;373870;4,5;496020;2;1 863 559;eur;
2010056;LUNDI   ;20100510;20100710;41;4;35;33;10;5;4-10-33-35-41+5;0;0;0;0;273;1966,5;11097;13,4;180773;5,8;360811;2;9 172 896;eur;
2010055;SAMEDI  ;20100508;20100708;16;29;31;39;1;2;1-16-29-31-39+2;0;0;1;315671,9;422;1447,5;21230;12,7;333812;5,8;411869;2;2 036 362;eur;
2010054;MERCREDI;20100505;20100705;10;30;18;27;4;1;4-10-18-27-30+1;1;6000000;7;44297,8;1054;522,9;33613;7,1;399059;4,2;342354;2;0 384 746;eur;
2010053;LUNDI   ;20100503;20100703;8;11;12;26;48;6;8-11-12-26-48+6;0;0;2;98259,8;570;629,8;22079;7;266942;4,1;317068;2;8 335 661;eur;
2010052;SAMEDI  ;20100501;20100701;39;28;3;42;6;5;3-6-28-39-42+5;0;0;0;0;546;1714,5;23351;11;348395;5,3;662715;2;0 636 245;eur;
2010051;MERCREDI;20100428;20100628;34;49;9;25;38;1;9-25-34-38-49+1;0;0;1;265956,2;421;1207,1;19288;11,6;291405;5,4;319950;2;0 462 584;eur;
2010050;LUNDI   ;20100426;20100626;29;24;4;46;7;10;4-7-24-29-46+10;0;0;0;0;348;1494,5;16759;8,5;225867;4,5;172218;2;2 338 823;eur;
2010049;SAMEDI  ;20100424;20100624;17;34;27;3;41;4;3-17-27-34-41+4;1;5000000;6;68746,9;700;1039,7;30431;10,5;430226;5,3;659416;2;5 448 100;eur;
2010048;MERCREDI;20100421;20100621;24;26;35;9;1;4;1-9-24-26-35+4;1;3000000;0;0;464;1758,8;24196;9,3;340315;4,7;470092;2;4 922 599;eur;
2010047;LUNDI   ;20100419;20100619;44;22;17;38;2;8;2-17-22-38-44+8;0;0;1;176450,5;333;992,2;13297;10,8;191619;5,3;292243;2;7 158 323;eur;
2010046;SAMEDI  ;20100417;20100617;24;42;16;9;32;3;9-16-24-32-42+3;1;2000000;5;74002,9;694;948,4;27884;10,3;387613;5,3;614257;2;3 390 882;eur;
2010045;MERCREDI;20100414;20100614;9;12;29;2;21;7;2-9-12-21-29+7;1;3000000;12;25556,2;1118;481;38001;6,1;416087;3,9;772048;2;9 445 939;eur;
2010044;LUNDI   ;20100412;20100612;4;36;11;31;46;10;4-11-31-36-46+10;0;0;1;183345,2;278;1228,9;12937;11,6;201675;5,3;189055;2;1 863 923;eur;
2010043;SAMEDI  ;20100410;20100610;33;13;49;36;22;4;13-22-33-36-49+4;2;2500000;6;64879,3;995;699,5;31930;9,4;408682;5,2;656117;2;2 672 204;eur;
2010042;MERCREDI;20100407;20100607;28;11;2;33;43;1;2-11-28-33-43+1;0;0;6;51416,4;493;1097,5;22303;10,6;328470;5,1;339001;2;2 158 251;eur;
2010041;LUNDI   ;20100405;20100605;17;18;36;21;47;6;17-18-21-36-47+6;0;0;0;0;214;2166,8;10420;12,3;164182;5,5;252193;2;7 028 092;eur;
2010040;SAMEDI  ;20100403;20100603;35;39;20;48;42;2;20-35-39-42-48+2;0;0;2;184429,1;481;1423,4;20627;14,7;319941;6,7;452384;2;7 253 220;eur;
2010039;MERCREDI;20100331;20100531;46;28;21;39;49;1;21-28-39-46-49+1;1;7000000;1;299712,6;409;1411,7;19605;13;305586;5,9;369945;2;2 761 095;eur;
2010038;LUNDI   ;20100329;20100529;2;44;41;34;46;2;2-34-41-44-46+2;0;0;1;191296,2;180;1962,8;9198;17,1;158406;7,1;247511;2;1 644 304;eur;
2010037;SAMEDI  ;20100327;20100527;43;42;9;21;46;6;9-21-42-43-46+6;0;0;1;351807,5;474;1450,2;23967;12,7;371891;5,8;602976;2;4 470 488;eur;
2010036;MERCREDI;20100324;20100524;28;9;35;8;42;6;8-9-28-35-42+6;0;0;3;98547,1;415;1274,6;21109;11;321351;5,2;469554;2;3 092 599;eur;
2010035;LUNDI   ;20100322;20100522;44;34;25;47;29;9;25-29-34-44-47+9;0;0;1;183331,5;267;1277,9;11125;13,5;169403;6,3;273327;2;6 137 244;eur;
2010034;SAMEDI  ;20100320;20100520;15;36;28;49;2;3;2-15-28-36-49+3;0;0;2;184932,4;638;1085,5;26636;11,4;390405;5,5;669756;2;2 951 352;eur;
2010033;MERCREDI;20100317;20100517;46;1;24;18;9;7;1-9-18-24-46+7;1;12000000;3;115893,9;782;815,5;32163;8,6;427770;4,6;863572;2;5 004 928;eur;
2010032;LUNDI   ;20100315;20100515;18;15;1;4;38;6;1-4-15-18-38+6;0;0;0;0;361;1772,7;17949;9,8;258287;4,8;395244;2;5 930 780;eur;
2010031;SAMEDI  ;20100313;20100513;32;37;16;6;8;7;6-8-16-32-37+7;0;0;3;152483,8;658;1275,2;32188;11,5;485452;5,4;1149002;2;2 383 439;eur;
2010030;MERCREDI;20100310;20100510;36;13;44;1;48;2;1-13-36-44-48+2;0;0;0;0;426;2098,5;19665;12,6;307722;5,7;371636;2;6 171 423;eur;
2010029;LUNDI   ;20100308;20100508;23;11;43;49;10;10;10-11-23-43-49+10;0;0;1;190999,8;359;1001,5;16943;9,3;238302;4,7;196031;2;8 350 941;eur;
2010028;SAMEDI  ;20100306;20100506;5;18;26;9;36;9;5-9-18-26-36+9;0;0;2;190730,2;847;853,5;38783;8,1;496031;4,5;586696;2;4 800 764;eur;
2010027;MERCREDI;20100303;20100503;17;37;23;25;2;7;2-17-23-25-37+7;0;0;2;147384,6;499;1086,1;23913;9,9;342765;4,9;755316;2;9 817 870;eur;
2010026;LUNDI   ;20100301;20100501;19;11;8;48;49;7;8-11-19-48-49+7;0;0;2;94222,4;448;766,5;18366;8;240562;4,4;461947;2;9 269 240;eur;
2010025;SAMEDI  ;20100227;20100429;13;40;2;10;35;1;2-10-13-35-40+1;1;6000000;2;192886,3;662;1094;30811;10,3;451429;5;458888;2;4 372 644;eur;
2010024;MERCREDI;20100224;20100426;45;2;1;27;31;8;1-2-27-31-45+8;0;0;0;0;351;2471,4;20208;11,9;332097;5,1;458498;2;8 786 807;eur;
2010023;LUNDI   ;20100222;20100424;41;48;18;11;24;2;11-18-24-41-48+2;0;0;1;188024,7;390;910,2;15586;9,9;217757;5;249670;2;3 574 174;eur;
2010022;SAMEDI  ;20100220;20100422;34;49;36;39;23;8;23-34-36-39-49+8;0;0;2;190860,3;467;1518,2;22826;13,8;342389;6,5;603976;2;9 385 491;eur;
2010021;MERCREDI;20100217;20100419;23;40;26;22;29;5;22-23-26-29-40+5;0;0;1;284797,4;421;1299,5;20460;11,8;312725;5,5;582917;2;4 621 659;eur;
2010020;LUNDI   ;20100215;20100417;48;39;24;8;15;8;8-15-24-39-48+8;2;1000000;2;99001,4;346;1031,6;14455;10,8;208490;5,3;315659;2;7 209 350;eur;
2010019;SAMEDI  ;20100213;20100415;1;7;38;3;14;5;1-3-7-14-38+5;1;6000000;10;61575,9;1655;664,7;67265;7;789626;4,3;1125953;2;2 184 351;eur;
2010018;MERCREDI;20100210;20100412;6;45;19;12;11;10;6-11-12-19-45+10;0;0;3;100309,1;945;582,3;37618;6,3;440141;3,8;295158;2;2 361 295;eur;
2010017;LUNDI   ;20100208;20100410;36;13;24;7;42;4;7-13-24-36-42+4;1;9000000;12;19197,7;630;634,3;21033;8,2;264922;4,6;377798;2;9 864 464;eur;
2010016;SAMEDI  ;20100206;20100408;16;37;18;5;34;5;5-16-18-34-37+5;0;0;2;199803,6;528;1412,7;26555;12,4;423540;5,5;820106;2;8 839 231;eur;
2010015;MERCREDI;20100203;20100405;44;48;7;30;13;7;7-13-30-44-48+7;0;0;1;298968,2;630;927,4;27705;9,2;381274;4,7;818659;2;0 538 032;eur;
2010014;LUNDI   ;20100201;20100403;29;1;39;40;18;2;1-18-29-39-40+2;0;0;1;194780,8;236;1534,6;12801;12,5;196787;5,8;276958;2;2 618 858;eur;
2010013;SAMEDI  ;20100130;20100401;44;26;18;21;47;3;18-21-26-44-47+3;0;0;3;130694,6;567;1252,9;26799;11,7;401261;5,5;667147;2;2 664 635;eur;
2010012;MERCREDI;20100127;20100329;10;15;43;45;5;9;5-10-15-43-45+9;0;0;1;289241,6;563;997,6;27608;8,9;356519;4,9;440513;2;5 001 225;eur;
2010011;LUNDI   ;20100125;20100327;6;8;31;45;36;9;6-8-31-36-45+9;0;0;0;0;241;2311,6;12604;12,2;200211;5,5;273497;2;4 761 098;eur;
2010010;SAMEDI  ;20100123;20100325;24;39;2;13;48;1;2-13-24-39-48+1;0;0;4;96748,7;730;957,4;29255;10,4;412059;5,3;454656;2;9 637 151;eur;
2010009;MERCREDI;20100120;20100322;13;37;48;45;28;9;13-28-37-45-48+9;1;4000000;2;155534,3;452;1264,9;21708;11,6;317449;5,6;455384;2;5 029 732;eur;
2010008;LUNDI   ;20100118;20100320;8;7;22;28;38;10;7-8-22-28-38+10;0;0;0;0;431;1354,8;19746;8,1;260233;4,4;193770;2;9 217 366;eur;
2010007;SAMEDI  ;20100116;20100318;21;38;32;3;33;10;3-21-32-33-38+10;0;0;1;357177,6;390;1782,7;22100;14;364184;6;396590;2;5 276 804;eur;
2010006;MERCREDI;20100113;20100315;31;4;14;37;7;8;4-7-14-31-37+8;1;4000000;2;159741;635;937;29218;8,9;401104;4,6;530647;2;2 674 996;eur;
2010005;LUNDI   ;20100111;20100313;24;20;31;36;6;4;6-20-24-31-36+4;0;0;1;196125,9;276;1327,2;15165;10,6;220766;5,2;345313;2;2 076 499;eur;
2010004;SAMEDI  ;20100109;20100311;35;4;14;23;46;7;4-14-23-35-46+7;0;0;7;56438,9;604;1147;26129;11,6;385714;5,6;983770;2;4 487 414;eur;
2010003;MERCREDI;20100106;20100308;19;49;31;44;38;3;19-31-38-44-49+3;1;10000000;4;97562,7;502;1386,8;24863;12,4;378885;5,8;695450;2;5 859 407;eur;
2010002;LUNDI   ;20100104;20100306;33;21;41;18;32;9;18-21-32-33-41+9;0;0;1;224096;280;1502;13903;13,4;216323;6,1;336748;2;2 075 939;eur;
2010001;SAMEDI  ;20100102;20100304;43;5;23;49;17;4;5-17-23-43-49+4;0;0;3;143347,9;832;952,8;35101;9,8;492551;5;720621;2;3 723 626;eur;
2009274;MERCREDI;20091230;20100301;21;39;5;2;15;10;2-5-15-21-39+10;0;0;1;592610,4;1221;993,3;56991;9,3;795780;4,7;757192;2;0 569 318;eur;
2009273;LUNDI   ;20091228;20100227;23;12;15;27;46;6;12-15-23-27-46+6;0;0;4;52434,1;519;720,4;20306;7,9;253798;4,5;318718;2;0 622 729;eur;
2009272;SAMEDI  ;20091226;20100225;7;6;41;25;16;5;6-7-16-25-41+5;0;0;8;48670,4;651;1049,8;32778;9,1;460904;4,6;709035;2;4 699 602;eur;
2009271;MERCREDI;20091223;20100222;24;44;18;17;15;6;15-17-18-24-44+6;1;6000000;0;0;863;1756;40737;10,2;591459;5;839908;2;0 930 913;eur;
2009270;LUNDI   ;20091221;20100220;38;42;28;3;27;9;3-27-28-38-42+9;0;0;1;181501,2;281;1203,5;12522;11,9;195699;5,4;270944;2;9 843 318;eur;
2009269;SAMEDI  ;20091219;20100218;40;15;16;6;9;6;6-9-15-16-40+6;1;7000000;0;0;747;1486,4;33432;9,1;457265;4,7;603181;2;0 911 498;eur;
2009268;MERCREDI;20091216;20100215;39;15;23;49;30;5;15-23-30-39-49+5;0;0;0;0;389;2227,9;19485;12,3;301313;5,7;580235;2;2 230 916;eur;
2009267;LUNDI   ;20091214;20100213;46;8;26;13;38;2;8-13-26-38-46+2;0;0;1;187794,8;421;844,9;15428;10;214447;5,1;250280;2;2 891 268;eur;
2009266;SAMEDI  ;20091212;20100211;4;30;13;18;39;1;4-13-18-30-39+1;0;0;6;67277,9;701;1016,6;31662;9,8;450810;4,9;440749;2;8 787 773;eur;
2009265;MERCREDI;20091209;20100208;1;31;11;22;23;1;1-11-22-23-31+1;0;0;2;148465,5;820;676,7;32868;7,3;399079;4,3;346866;2;5 905 699;eur;
2009264;LUNDI   ;20091207;20100206;20;42;43;33;19;5;19-20-33-42-43+5;0;0;0;0;200;2693,1;10660;14;179451;5,9;379047;2;9 684 688;eur;
2009263;SAMEDI  ;20091205;20100204;28;22;7;16;39;7;7-16-22-28-39+7;3;2666667;1;380890,6;936;817,3;37557;8,8;501632;4,7;1049908;2;8 482 462;eur;
2009262;MERCREDI;20091202;20100201;10;47;20;28;21;6;10-20-21-28-47+6;0;0;1;298542;509;1137,1;25949;9,8;375311;4,8;495706;2;6 752 072;eur;
2009261;LUNDI   ;20091130;20100130;12;43;7;23;27;6;7-12-23-27-43+6;0;0;3;67104,3;690;521,8;23160;6,7;275416;4;297399;2;2 428 765;eur;
2009260;SAMEDI  ;20091128;20100128;35;37;41;15;39;4;15-35-37-39-41+4;0;0;2;192184,4;553;1297,3;21449;14,7;316400;7,1;684514;2;2 499 762;eur;
2009259;MERCREDI;20091125;20100125;14;33;39;15;11;6;11-14-15-33-39+6;0;0;1;275290,7;352;1491;19302;12;309156;5,3;449562;2;6 878 579;eur;
2009258;LUNDI   ;20091123;20100123;13;12;3;37;30;8;3-12-13-30-37+8;0;0;1;178009,1;308;1079,4;15776;9,2;227817;4,5;286768;2;5 462 288;eur;
2009257;SAMEDI  ;20091121;20100121;20;33;46;40;12;6;12-20-33-40-46+6;0;0;1;348362,3;619;1107,9;25541;11,8;379567;5,6;580499;2;3 974 245;eur;
2009256;MERCREDI;20091118;20100118;24;20;22;19;1;6;1-19-20-22-24+6;1;3000000;3;101212,7;736;754,7;29975;8;391284;4,3;468160;2;4 178 084;eur;
2009255;LUNDI   ;20091116;20100116;20;32;36;19;27;7;19-20-27-32-36+7;0;0;1;183301,3;253;1346,3;12308;12,2;196536;5,4;476830;2;2 686 263;eur;
2009254;SAMEDI  ;20091114;20100114;39;16;47;28;24;9;16-24-28-39-47+9;1;2000000;5;78313,9;632;1099,9;25078;12,1;367070;5,9;553238;2;4 405 047;eur;
2009253;MERCREDI;20091111;20100111;41;47;22;17;7;6;7-17-22-41-47+6;0;0;3;91495,9;592;839,8;25633;8,4;320632;4,8;436416;2;0 271 724;eur;
2009252;LUNDI   ;20091109;20100109;3;2;29;48;1;9;1-2-3-29-48+9;0;0;0;0;338;1597,9;14996;9,9;206923;5,1;268571;2;5 969 092;eur;
2009251;SAMEDI  ;20091107;20100107;1;41;13;3;18;1;1-3-13-18-41+1;1;9000000;6;73292,3;917;856,4;39545;8,6;526437;4,6;484303;2;0 846 385;eur;
2009250;MERCREDI;20091104;20100104;33;18;19;22;23;1;18-19-22-23-33+1;0;0;2;161267,5;523;1140,7;25358;10,3;387207;4,8;381674;2;4 457 351;eur;
2009249;LUNDI   ;20091102;20100102;17;34;23;40;9;9;9-17-23-34-40+9;0;0;4;51650,2;344;1054,9;14737;10,8;217568;5,2;291997;2;8 261 588;eur;
2009248;SAMEDI  ;20091031;20091231;23;39;36;27;30;2;23-27-30-36-39+2;0;0;1;361167,7;504;1404,5;24261;12,9;381773;5,8;479381;2;9 499 570;eur;
2009247;MERCREDI;20091028;20091228;8;11;7;37;30;3;7-8-11-30-37+3;0;0;2;146696,8;614;885,5;30032;7,8;405129;4,1;518673;2;6 934 307;eur;
2009246;LUNDI   ;20091026;20091226;49;47;42;1;3;7;1-3-42-47-49+7;0;0;1;182055,4;243;1390,2;11649;12,8;190490;5,6;458985;2;6 168 702;eur;
2009245;SAMEDI  ;20091024;20091224;39;28;15;38;27;10;15-27-28-38-39+10;0;0;2;181730,7;426;1577,7;22355;13,3;363754;5,8;413698;2;7 253 315;eur;
2009244;MERCREDI;20091021;20091221;10;49;26;15;1;7;1-10-15-26-49+7;0;0;1;273196;770;693,2;30106;7,6;369670;4,4;752566;2;5 485 040;eur;
2009243;LUNDI   ;20091019;20091219;4;31;11;3;6;1;3-4-6-11-31+1;1;2000000;3;63524,2;552;617,1;23112;6,3;265520;3,9;219108;2;4 404 462;eur;
2009242;SAMEDI  ;20091017;20091217;12;49;8;20;16;5;8-12-16-20-49+5;1;7000000;2;195246,2;1189;626,9;43069;7,4;520059;4,4;762778;2;2 650 944;eur;
2009241;MERCREDI;20091014;20091214;6;35;36;42;24;2;6-24-35-36-42+2;0;0;1;304601,2;517;1144,3;22403;11,6;313764;5,9;400794;2;9 010 783;eur;
2009240;LUNDI   ;20091012;20091212;38;7;48;43;28;5;7-28-38-43-48+5;0;0;3;68411,4;340;1064,1;14486;10,9;202524;5,6;410929;2;8 404 236;eur;
2009239;SAMEDI  ;20091010;20091210;3;38;1;23;16;3;1-3-16-23-38+3;0;0;2;190219,6;686;1042;30822;10,1;443523;5;700321;2;0 851 040;eur;
2009238;MERCREDI;20091007;20091207;4;1;21;12;46;8;1-4-12-21-46+8;0;0;2;153483,2;717;800,4;30953;8;397605;4,4;485880;2;4 743 257;eur;
2009237;LUNDI   ;20091005;20091205;21;12;20;11;32;4;11-12-20-21-32+4;0;0;0;0;335;1657,3;15979;9,5;243369;4,4;324339;2;8 630 497;eur;
2009236;SAMEDI  ;20091003;20091203;47;15;49;7;9;7;7-9-15-47-49+7;1;7000000;7;61733,1;983;784,3;39811;8,3;544697;4,3;1050083;2;2 166 746;eur;
2009235;MERCREDI;20090930;20091130;33;35;40;5;2;4;2-5-33-35-40+4;0;0;0;0;388;2345,7;18948;13,3;310240;5,8;519240;2;9 984 647;eur;
2009234;LUNDI   ;20090928;20091128;30;20;16;3;44;4;3-16-20-30-44+4;0;0;1;188335,5;309;1140,7;14507;10,7;209294;5,3;330428;2;5 995 508;eur;
2009233;SAMEDI  ;20090926;20091126;2;37;43;21;25;9;2-21-25-37-43+9;0;0;3;126695,3;492;1393,6;24710;12,3;376331;5,7;577402;2;0 634 452;eur;
2009232;MERCREDI;20090923;20091123;24;42;4;47;5;6;4-5-24-42-47+6;0;0;3;102203,1;462;1192;21573;11,2;343978;5;472555;2;2 652 393;eur;
2009231;LUNDI   ;20090921;20091121;3;4;38;46;7;2;3-4-7-38-46+2;0;0;0;0;232;2332;14633;10,2;224798;4,7;235801;2;6 402 434;eur;
2009230;SAMEDI  ;20090919;20091119;12;27;38;33;19;7;12-19-27-33-38+7;1;3000000;2;182912,6;869;798,1;33870;8,8;448307;4,7;961315;2;5 798 145;eur;
2009229;MERCREDI;20090916;20091116;40;7;21;25;30;1;7-21-25-30-40+1;0;0;3;102030,9;748;748,9;27415;8,8;367818;4,7;344588;2;6 442 821;eur;
2009228;LUNDI   ;20090914;20091114;9;18;43;32;22;1;9-18-22-32-43+1;1;3000000;3;66817,8;335;1054,8;14423;10,7;210964;5,2;221892;2;3 585 265;eur;
2009227;SAMEDI  ;20090912;20091112;41;11;4;29;7;4;4-7-11-29-41+4;0;0;2;188972,7;1206;596,9;45383;6,8;529559;4,2;638543;2;8 333 849;eur;
2009226;MERCREDI;20090909;20091109;1;12;23;22;7;4;1-7-12-22-23+4;2;6500000;14;52878;2548;518;89129;6,4;1017791;4;1155598;2;3 935 180;eur;
2009225;LUNDI   ;20090907;20091107;8;21;4;31;39;2;4-8-21-31-39+2;0;0;0;0;321;1781,1;15662;10;224057;5;246774;2;3 558 850;eur;
2009224;SAMEDI  ;20090905;20091105;1;37;17;44;20;8;1-17-20-37-44+8;0;0;1;351761,8;495;1390,1;25148;12,1;392036;5,5;610372;2;0 439 830;eur;
2009223;MERCREDI;20090902;20091102;17;5;12;6;15;1;5-6-12-15-17+1;0;0;5;60191,6;1092;492,2;37587;6,1;435522;3,8;336945;2;9 843 701;eur;
2009222;LUNDI   ;20090831;20091031;16;13;1;5;20;2;1-5-13-16-20+2;0;0;3;62340,6;650;514,1;21845;6,6;250204;4,1;224291;2;3 511 075;eur;
2009221;SAMEDI  ;20090829;20091029;34;7;27;23;19;7;7-19-23-27-34+7;3;2000000;1;350655,2;1048;669,9;40062;7,5;505870;4,2;963354;2;2 382 646;eur;
2009220;MERCREDI;20090826;20091026;44;31;7;38;14;1;7-14-31-38-44+1;0;0;1;274105,6;460;1144,5;21414;10,8;315123;5,2;345035;2;4 752 174;eur;
2009219;LUNDI   ;20090824;20091024;22;18;33;28;11;2;11-18-22-28-33+2;0;0;5;37790,2;475;704,8;18169;7,9;226890;4,5;242815;2;2 420 061;eur;
2009218;SAMEDI  ;20090822;20091022;31;21;8;27;29;10;8-21-27-29-31+10;0;0;2;169994;788;812,8;32186;8,6;420480;4,7;349847;2;4 458 749;eur;
2009217;MERCREDI;20090819;20091019;35;42;7;33;28;10;7-28-33-35-42+10;0;0;2;135394,1;586;851,3;21205;10,2;276491;5,6;272514;2;6 434 064;eur;
2009216;LUNDI   ;20090817;20091017;2;9;17;14;25;9;2-9-14-17-25+9;1;7000000;3;64846,3;671;518,3;22272;6,7;254169;4,2;259397;2;2 029 933;eur;
2009215;SAMEDI  ;20090815;20091015;1;41;32;24;27;9;1-24-27-32-41+9;0;0;1;305823,5;396;1488,7;21422;12,2;333830;5,6;477632;2;9 392 848;eur;
2009214;MERCREDI;20090812;20091012;6;33;17;34;39;5;6-17-33-34-39+5;0;0;2;140921,2;318;1604;16720;13,5;265892;6;591654;2;8 376 543;eur;
2009213;LUNDI   ;20090810;20091010;5;22;31;2;24;6;2-5-22-24-31+6;0;0;0;0;454;1170,2;19098;7,6;235805;4,3;277597;2;6 659 457;eur;
2009212;SAMEDI  ;20090808;20091008;41;20;16;38;2;9;2-16-20-38-41+9;0;0;2;170277,7;454;1385,1;21513;12,9;337376;5,9;506514;2;0 151 147;eur;
2009211;MERCREDI;20090805;20091005;40;10;29;20;43;7;10-20-29-40-43+7;0;0;0;0;542;1472,7;22527;9,7;279586;5,6;722922;2;8 053 249;eur;
2009210;LUNDI   ;20090803;20091003;9;38;18;26;49;8;9-18-26-38-49+8;1;3000000;2;91315;304;1076,8;14316;10;206858;4,9;293660;2;8 579 938;eur;
2009209;SAMEDI  ;20090801;20091001;44;10;18;45;22;6;10-18-22-44-45+6;0;0;2;169962,5;675;942,3;27796;10;395875;5;536390;2;1 554 892;eur;
2009208;MERCREDI;20090729;20090928;16;25;14;35;3;3;3-14-16-25-35+3;1;4000000;2;140556;552;937,6;22489;10;313013;5,1;499168;2;2 491 017;eur;
2009207;LUNDI   ;20090727;20090926;18;47;7;13;48;4;7-13-18-47-48+4;0;0;1;176144,9;344;960;17031;8,4;228566;4,5;309492;2;2 093 840;eur;
2009206;SAMEDI  ;20090725;20090924;27;40;3;14;33;9;3-14-27-33-40+9;0;0;7;52060,8;634;1011,4;26186;10,7;373567;5,3;508329;2;0 662 792;eur;
2009205;MERCREDI;20090722;20090921;24;35;45;28;17;6;17-24-28-35-45+6;1;13000000;3;109605,4;702;855,1;23445;11,1;343547;5,4;526981;2;6 535 825;eur;
2009204;LUNDI   ;20090720;20090919;27;23;44;34;5;1;5-23-27-34-44+1;0;0;1;197153,4;352;1054,5;14766;11;223297;5,2;236213;2;9 142 538;eur;
2009203;SAMEDI  ;20090718;20090917;44;14;26;34;9;9;9-14-26-34-44+9;0;0;1;370797,7;730;1008,7;30656;10,5;430764;5,3;604612;2;9 583 504;eur;
2009202;MERCREDI;20090715;20090914;4;1;23;14;25;10;1-4-14-23-25+10;0;0;4;74063,9;765;696;28625;8;370718;4,4;292975;2;7 785 981;eur;
2009201;LUNDI   ;20090713;20090912;26;2;20;34;18;1;2-18-20-26-34+1;0;0;0;0;321;1857,3;15821;10,4;225269;5,2;238144;2;8 597 701;eur;
2009200;SAMEDI  ;20090711;20090910;14;17;35;5;42;1;5-14-17-35-42+1;0;0;3;126626,7;567;1213,7;27635;10,9;407679;5,3;435886;2;4 361 133;eur;
2009199;MERCREDI;20090708;20090907;16;4;10;6;5;3;4-5-6-10-16+3;0;0;7;45108,1;1346;417,1;40809;5,9;436041;3,9;525090;2;4 544 004;eur;
2009198;LUNDI   ;20090706;20090905;12;31;32;44;45;2;12-31-32-44-45+2;0;0;0;0;275;1996,6;12151;12,5;190731;5,6;240018;2;7 246 036;eur;
2009197;SAMEDI  ;20090704;20090903;39;4;8;43;27;3;4-8-27-39-43+3;0;0;5;75776,3;661;1018,3;27172;10,8;402218;5,2;660742;2;3 265 333;eur;
2009196;MERCREDI;20090701;20090831;34;5;28;13;29;4;5-13-28-29-34+4;0;0;2;142296,1;499;1046,7;24115;9,5;343269;4,7;470723;2;2 130 480;eur;
2009195;LUNDI   ;20090629;20090829;35;43;9;28;10;8;9-10-28-35-43+8;0;0;1;174954,8;260;1248,9;12404;11,5;197301;5,1;283856;2;9 016 872;eur;
2009194;SAMEDI  ;20090627;20090827;13;4;3;41;6;8;3-4-6-13-41+8;0;0;3;119611,8;729;899,8;35069;8,1;462331;4,4;592757;2;8 507 730;eur;
2009193;MERCREDI;20090624;20090824;17;21;22;16;4;1;4-16-17-21-22+1;1;4000000;2;144777,2;643;835,7;26834;8,7;364146;4,5;336715;2;4 441 962;eur;
2009192;LUNDI   ;20090622;20090822;36;17;42;28;41;4;17-28-36-41-42+4;0;0;0;0;263;2016,3;11778;12,4;174525;6;308411;2;4 492 197;eur;
2009191;SAMEDI  ;20090620;20090820;26;27;49;21;33;7;21-26-27-33-49+7;0;0;2;181843;498;1356;26508;11,2;402872;5,3;942887;2;6 218 320;eur;
2009190;MERCREDI;20090617;20090817;3;27;41;8;37;2;3-8-27-37-41+2;1;10000000;4;86258,8;683;908,8;25741;10,5;378472;5,1;437257;2;0 468 337;eur;
2009189;LUNDI   ;20090615;20090815;49;11;41;21;40;4;11-21-40-41-49+4;0;0;0;0;296;2012,4;14535;11,3;215985;5,4;334697;2;7 700 185;eur;
2009188;SAMEDI  ;20090613;20090813;39;16;46;28;24;4;16-24-28-39-46+4;0;0;2;202539,8;641;1186,9;27446;12,2;411700;5,8;693397;2;5 681 945;eur;
2009187;MERCREDI;20090610;20090810;45;42;27;49;48;7;27-42-45-48-49+7;0;0;2;164121,1;601;1016;22784;11,7;319694;5,9;846991;2;0 478 758;eur;
2009186;LUNDI   ;20090608;20090808;31;29;41;25;22;5;22-25-29-31-41+5;0;0;2;99355,9;304;1173,1;14878;10,5;213469;5,2;417815;2;1 648 798;eur;
2009185;SAMEDI  ;20090606;20090806;32;46;13;33;15;10;13-15-32-33-46+10;0;0;2;243996,7;601;1530,3;30463;13,4;496398;5,8;546584;2;1 568 406;eur;
2009184;MERCREDI;20090603;20090803;46;21;32;26;14;6;14-21-26-32-46+6;1;6000000;3;100296,6;566;961,6;20559;11,5;289921;5,8;465687;2;5 268 491;eur;
2009183;LUNDI   ;20090601;20090801;18;26;47;24;35;1;18-24-26-35-47+1;0;0;0;0;228;2003,2;10558;11,9;159327;5,6;188661;2;8 599 507;eur;
2009182;SAMEDI  ;20090530;20090730;30;25;34;14;10;9;10-14-25-30-34+9;0;0;1;332493,7;604;1080,3;29005;9,8;410030;4,9;512913;2;7 387 285;eur;
2009181;MERCREDI;20090527;20090727;7;48;5;3;23;7;3-5-7-23-48+7;0;0;3;95287,3;866;602,1;33946;6,6;394826;4;732482;2;8 535 336;eur;
2009180;LUNDI   ;20090525;20090725;46;40;6;3;25;4;3-6-25-40-46+4;0;0;2;87759,1;268;1168;11925;11,5;183914;5,3;288428;2;3 211 110;eur;
2009179;SAMEDI  ;20090523;20090723;38;13;33;3;25;3;3-13-25-33-38+3;1;2000000;5;71291,7;836;764,3;31079;8,9;394725;5;602644;2;0 963 110;eur;
2009178;MERCREDI;20090520;20090720;35;28;15;3;23;10;3-15-23-28-35+10;1;2000000;1;276033,7;569;939,6;22737;10,2;325115;5,1;282352;2;0 867 351;eur;
2009177;LUNDI   ;20090518;20090718;49;26;35;34;28;4;26-28-34-35-49+4;1;3000000;0;0;211;2508;11208;13,1;169026;6,2;319670;2;6 739 579;eur;
2009176;SAMEDI  ;20090516;20090716;1;2;26;44;7;9;1-2-7-26-44+9;0;0;3;124371,6;715;953,1;34195;8,7;468338;4,5;532023;2;8 095 226;eur;
2009175;MERCREDI;20090513;20090713;38;36;49;39;12;10;12-36-38-39-49+10;1;6000000;1;295057,6;372;1522,5;19247;13;291551;6,1;313644;2;5 221 453;eur;
2009174;LUNDI   ;20090511;20090711;15;27;48;9;34;6;9-15-27-34-48+6;0;0;2;98157,5;361;981,8;14931;10,4;211990;5,2;301617;2;6 975 275;eur;
2009173;SAMEDI  ;20090509;20090709;45;28;22;30;20;3;20-22-28-30-45+3;0;0;1;350103,9;571;1204,1;28735;10,5;420850;5,1;653864;2;2 259 481;eur;
2009172;MERCREDI;20090506;20090706;48;36;13;20;44;1;13-20-36-44-48+1;0;0;0;0;451;1961,3;19547;12,5;299553;5,8;347362;2;9 035 034;eur;
2009171;LUNDI   ;20090504;20090704;33;1;23;12;46;1;1-12-23-33-46+1;0;0;1;182305;324;1053,7;14320;10,4;204974;5,2;217614;2;6 181 191;eur;
2009170;SAMEDI  ;20090502;20090702;7;15;11;5;23;1;5-7-11-15-23+1;1;19000000;13;35791,9;2229;369,4;65821;5,4;679047;3,7;531899;2;1 866 211;eur;
2009169;MERCREDI;20090429;20090629;4;30;29;26;15;3;4-15-26-29-30+3;0;0;1;443044,8;1086;827,8;44207;8,8;568051;4,9;837015;2;7 208 331;eur;
2009168;LUNDI   ;20090427;20090627;9;37;21;34;4;2;4-9-21-34-37+2;0;0;3;75099,8;351;1135,1;15706;11,1;241585;5,1;281483;2;8 696 033;eur;
2009167;SAMEDI  ;20090425;20090625;34;23;49;9;20;8;9-20-23-34-49+8;0;0;4;105831;685;1114,4;31076;10,8;466360;5,1;665356;2;0 973 069;eur;
2009166;MERCREDI;20090422;20090622;2;31;49;33;43;9;2-31-33-43-49+9;0;0;1;303978,9;327;1783,1;18215;14,2;297859;6,2;478234;2;8 565 135;eur;
2009165;LUNDI   ;20090420;20090620;11;34;38;43;12;3;11-12-34-38-43+3;0;0;1;200664;275;1363,8;13480;12,3;217853;5,4;365456;2;7 987 651;eur;
2009164;SAMEDI  ;20090418;20090618;31;20;45;12;32;8;12-20-31-32-45+8;0;0;2;197642,4;640;1159,1;28775;11,3;429587;5,4;635576;2;8 709 017;eur;
2009163;MERCREDI;20090415;20090615;23;43;37;12;39;8;12-23-37-39-43+8;0;0;1;295802;461;1239,3;21052;11,9;303590;5,9;513859;2;8 551 007;eur;
2009162;LUNDI   ;20090413;20090613;20;24;30;11;9;1;9-11-20-24-30+1;0;0;3;57691,8;701;440,7;20531;6,5;238324;4;222781;2;4 897 423;eur;
2009161;SAMEDI  ;20090411;20090611;21;5;2;23;19;7;2-5-19-21-23+7;0;0;10;40965,2;1364;533;45539;6,9;530741;4,2;975291;2;4 716 754;eur;
2009160;MERCREDI;20090408;20090608;46;33;10;34;7;6;7-10-33-34-46+6;0;0;1;292998,4;377;1491,6;20618;12,1;333187;5,3;472555;2;1 129 942;eur;
2009159;LUNDI   ;20090406;20090606;43;33;48;31;28;7;28-31-33-43-48+7;0;0;2;95419,2;264;1290,8;11329;13,3;173553;6,2;457227;2;6 152 769;eur;
2009158;SAMEDI  ;20090404;20090604;37;41;27;8;45;6;8-27-37-41-45+6;0;0;2;185276,1;589;1174,9;26471;11,5;382334;5,7;596744;2;0 668 219;eur;
2009157;MERCREDI;20090401;20090601;37;27;30;22;45;3;22-27-30-37-45+3;0;0;1;276909,8;369;1433,1;20049;11,7;303861;5,5;527759;2;4 823 292;eur;
2009156;LUNDI   ;20090330;20090530;32;47;45;29;24;10;24-29-32-45-47+10;0;0;1;175182,7;226;1433,1;10607;13,5;165311;6,2;168098;2;1 487 361;eur;
2009155;SAMEDI  ;20090328;20090528;19;26;23;22;27;2;19-22-23-26-27+2;1;8000000;11;38838,1;891;845,7;36828;8,9;523018;4,4;500451;2;2 296 958;eur;
2009154;MERCREDI;20090325;20090525;10;34;15;33;5;7;5-10-15-33-34+7;0;0;4;80049,1;456;1243,1;23845;10,5;350384;5,1;805841;2;6 569 548;eur;
2009153;LUNDI   ;20090323;20090523;1;25;10;2;33;4;1-2-10-25-33+4;0;0;3;65256,5;339;1019,1;17193;8,8;237149;4,5;323392;2;6 191 982;eur;
2009152;SAMEDI  ;20090321;20090521;45;32;15;2;39;10;2-15-32-39-45+10;0;0;1;354080,5;433;1594,7;21016;14,6;344843;6,3;385107;2;6 666 118;eur;
2009151;MERCREDI;20090318;20090518;42;3;39;20;34;2;3-20-34-39-42+2;0;0;0;0;313;2765;16831;14,3;272881;6,3;360685;2;5 665 153;eur;
2009150;LUNDI   ;20090316;20090516;27;45;35;36;44;2;27-35-36-44-45+2;0;0;0;0;187;2946,5;10509;14,6;165409;6,6;249026;2;1 772 225;eur;
2009149;SAMEDI  ;20090314;20090514;27;18;20;11;38;6;11-18-20-27-38+6;0;0;0;0;755;1488,5;34001;9;472514;4,6;594861;2;1 609 089;eur;
2009148;MERCREDI;20090311;20090511;4;7;11;22;8;5;4-7-8-11-22+5;1;7000000;14;23792,1;2059;283;55059;4,5;522288;3,4;634284;2;5 997 205;eur;
2009147;LUNDI   ;20090309;20090509;27;32;5;40;3;9;3-5-27-32-40+9;0;0;0;0;316;1876,6;14759;11,1;227667;5,1;292065;2;5 111 818;eur;
2009146;SAMEDI  ;20090307;20090507;36;15;24;2;22;8;2-15-22-24-36+8;0;0;2;195543,1;696;1057,2;32670;9,8;457583;5;640933;2;6 294 934;eur;
2009145;MERCREDI;20090304;20090504;7;9;29;25;10;6;7-9-10-25-29+6;0;0;4;78637,3;1117;508,1;39735;6,1;464524;3,7;509807;2;4 542 487;eur;
2009144;LUNDI   ;20090302;20090502;41;29;14;48;8;10;8-14-29-41-48+10;0;0;1;190312,5;267;1328,5;13367;11,7;203038;5,5;180883;2;3 566 580;eur;
2009143;SAMEDI  ;20090228;20090430;45;14;41;25;16;10;14-16-25-41-45+10;0;0;2;191782,6;511;1397,7;26371;12;405498;5,5;398767;2;4 958 160;eur;
2009142;MERCREDI;20090225;20090427;15;4;21;30;36;4;4-15-21-30-36+4;1;3000000;0;0;476;1863,2;21906;11,2;321227;5,4;501479;2;3 518 889;eur;
2009141;LUNDI   ;20090223;20090425;3;14;34;31;22;7;3-14-22-31-34+7;0;0;0;0;291;1934,5;14325;10,8;211394;5,2;481449;2;8 042 727;eur;
2009140;SAMEDI  ;20090221;20090423;47;21;48;39;40;5;21-39-40-47-48+5;1;4000000;2;197491,7;398;1839,2;21074;15,5;350728;6,6;793381;2;3 670 096;eur;
2009139;MERCREDI;20090218;20090420;28;40;10;23;43;9;10-23-28-40-43+9;0;0;0;0;460;2006,1;22478;11,3;337348;5,4;450669;2;2 097 154;eur;
2009138;LUNDI   ;20090216;20090418;46;23;29;21;16;4;16-21-23-29-46+4;0;0;0;0;308;1921,2;14420;11,3;212839;5,4;332846;2;0 643 422;eur;
2009137;SAMEDI  ;20090214;20090416;12;24;18;44;16;4;12-16-18-24-44+4;1;17000000;4;118577,6;1140;766,2;44963;8,4;566081;4,7;788313;2;9 287 916;eur;
2009136;MERCREDI;20090211;20090413;35;46;10;1;14;8;1-10-14-35-46+8;0;0;2;155233,8;438;1301,4;21426;11,7;334666;5,3;496648;2;3 811 977;eur;
2009135;LUNDI   ;20090209;20090411;17;13;31;3;46;5;3-13-17-31-46+5;1;8000000;2;112577,8;441;929,7;19042;9,4;260907;4,9;434029;2;9 465 628;eur;
2009134;SAMEDI  ;20090207;20090409;4;16;34;22;49;10;4-16-22-34-49+10;0;0;4;110068,7;715;1112,4;33260;10,5;479056;5,2;433483;2;1 204 204;eur;
2009133;MERCREDI;20090204;20090406;20;43;47;27;10;3;10-20-27-43-47+3;0;0;0;0;565;1764,7;25567;10,7;377785;5,2;611119;2;6 825 028;eur;
2009132;LUNDI   ;20090202;20090404;4;38;12;31;41;8;4-12-31-38-41+8;0;0;2;107149,1;352;1099;15291;11,1;230085;5,2;340921;2;7 158 716;eur;
2009131;SAMEDI  ;20090131;20090402;6;31;40;18;36;7;6-18-31-36-40+7;0;0;1;377326,8;620;1202,6;27076;12,1;407317;5,7;1058232;2;4 415 044;eur;
2009130;MERCREDI;20090128;20090330;40;7;41;38;46;5;7-38-40-41-46+5;0;0;1;304179,8;274;2122,2;17777;14,6;290146;6,4;651836;2;9 639 641;eur;
2009129;LUNDI   ;20090126;20090328;39;8;13;49;10;10;8-10-13-39-49+10;0;0;2;108875,5;387;1019,3;18599;9,3;265670;4,6;199507;2;6 465 174;eur;
2009128;SAMEDI  ;20090124;20090326;5;40;15;20;28;10;5-15-20-28-40+10;1;2000000;9;47035,6;1025;734,9;36653;8,8;470927;4,9;407962;2;3 945 497;eur;
2009127;MERCREDI;20090121;20090323;32;47;10;35;3;3;3-10-32-35-47+3;1;10000000;2;190754,1;493;1439,3;23506;13,3;380558;5,9;680596;2;7 971 217;eur;
2009126;LUNDI   ;20090119;20090321;39;38;7;32;26;9;7-26-32-38-39+9;0;0;0;0;364;2103,7;17848;11,8;265909;5,7;388410;2;4 114 444;eur;
2009125;SAMEDI  ;20090117;20090319;2;46;27;37;5;4;2-5-27-37-46+4;0;0;4;115917,6;795;1057,9;35119;10,5;508375;5,1;765464;2;8 499 312;eur;
2009124;MERCREDI;20090114;20090316;5;42;1;19;13;3;1-5-13-19-42+3;0;0;4;94917,6;1184;584,7;44882;6,6;516222;4,1;653172;2;0 145 761;eur;
2009123;LUNDI   ;20090112;20090314;47;11;29;4;9;8;4-9-11-29-47+8;0;0;3;84411,9;699;656,4;27352;7,2;325137;4,3;379854;2;0 957 392;eur;
2009122;SAMEDI  ;20090110;20090312;49;40;21;10;44;2;10-21-40-44-49+2;0;0;1;398365,9;720;1101,2;33295;10,4;455763;5,4;547638;2;2 031 675;eur;
2009121;MERCREDI;20090107;20090309;37;39;9;33;11;8;9-11-33-37-39+8;0;0;2;168721,8;493;1266,3;24219;11,3;376306;5,2;540458;2;3 620 390;eur;
2009120;LUNDI   ;20090105;20090307;8;29;36;25;11;2;8-11-25-29-36+2;0;0;1;210628,2;443;904,5;19976;8,7;266132;4,6;316743;2;6 998 254;eur;
2009119;SAMEDI  ;20090103;20090305;47;22;24;12;38;1;12-22-24-38-47+1;0;0;6;73244,7;790;987,3;34753;9,8;494614;4,9;518899;2;4 311 756;eur;
2008118;MERCREDI;20081231;20090302;11;5;20;30;24;8;5-11-20-24-30+8;2;6000000;10;83599,5;2751;550,3;93724;6,9;1084762;4,3;1302044;2;6 285 459;eur;
2008117;LUNDI   ;20081229;20090228;26;38;14;21;27;4;14-21-26-27-38+4;0;0;0;0;403;1865,7;19774;10,5;288239;5,1;436993;2;5 017 654;eur;
2008116;SAMEDI  ;20081227;20090226;36;47;17;49;37;10;17-36-37-47-49+10;0;0;3;145573,4;503;1576,7;28825;12,2;401116;6,2;445153;2;3 561 533;eur;
2008115;MERCREDI;20081224;20090223;33;27;2;41;4;5;2-4-27-33-41+5;0;0;3;200585,4;909;1240,8;44611;11,1;665808;5,3;1167560;2;6 774 782;eur;
2008114;LUNDI   ;20081222;20090221;5;27;2;35;48;3;2-5-27-35-48+3;0;0;1;207590,1;604;658,7;16106;10,6;234250;5,2;381579;2;8 689 094;eur;
2008113;SAMEDI  ;20081220;20090219;41;46;2;22;26;5;2-22-26-41-46+5;1;5000000;4;108116,8;819;958,6;31308;10,9;448386;5,4;839014;2;4 361 908;eur;
2008112;MERCREDI;20081217;20090216;49;44;31;13;33;9;13-31-33-44-49+9;0;0;0;0;592;1624;25937;10,2;342138;5,5;490799;2;2 397 944;eur;
2008111;LUNDI   ;20081215;20090214;48;5;15;2;27;8;2-5-15-27-48+8;0;0;4;56610,2;540;748,4;19672;8,8;261748;4,7;334556;2;2 414 364;eur;
2008110;SAMEDI  ;20081213;20090212;24;38;8;42;31;7;8-24-31-38-42+7;0;0;2;198614,4;715;1046,8;29335;11,2;424491;5,5;1052157;2;4 129 493;eur;
2008109;MERCREDI;20081210;20090209;41;38;10;35;11;3;10-11-35-38-41+3;1;3000000;0;0;373;2454;19291;13,1;320851;5,6;560891;2;9 195 734;eur;
2008108;LUNDI   ;20081208;20090207;29;15;1;31;11;8;1-11-15-29-31+8;0;0;2;104119,1;518;736,4;20105;8,2;252954;4,6;326193;2;5 677 689;eur;
2008107;SAMEDI  ;20081206;20090205;48;2;5;13;24;4;2-5-13-24-48+4;1;4000000;2;207841,9;1117;713,3;44077;7,8;550413;4,4;709686;2;5 257 361;eur;
2008106;MERCREDI;20081203;20090202;26;29;34;42;31;10;26-29-31-34-42+10;0;0;1;308357,3;447;1334,9;20848;12,6;318038;5,9;342597;2;9 925 867;eur;
2008105;LUNDI   ;20081201;20090131;32;15;19;37;38;1;15-19-32-37-38+1;0;0;0;0;262;2441;12714;13,9;206405;6,1;295724;2;3 954 631;eur;
2008104;SAMEDI  ;20081129;20090129;18;36;20;32;22;7;18-20-22-32-36+7;1;3000000;1;390432,5;599;1288,6;28180;12,1;431569;5,6;1098874;2;8 323 773;eur;
2008103;MERCREDI;20081126;20090126;49;11;13;25;28;5;11-13-25-28-49+5;0;0;1;307027,8;1021;594,8;38466;6,8;455943;4,1;649693;2;9 712 006;eur;
2008102;LUNDI   ;20081124;20090124;43;36;31;30;17;8;17-30-31-36-43+8;1;6000000;1;234820,8;249;1767,6;13703;14,3;224414;6,2;383825;2;7 560 785;eur;
2008101;SAMEDI  ;20081122;20090122;45;12;30;36;20;6;12-20-30-36-45+6;0;0;1;405518,3;633;1270,6;30810;11,5;473429;5,3;681111;2;5 533 941;eur;
2008100;MERCREDI;20081119;20090119;34;26;37;41;2;4;2-26-34-37-41+4;0;0;1;320110;419;1479,4;18603;14,7;297534;6,6;569933;2;8 020 200;eur;
2008099;LUNDI   ;20081117;20090117;1;6;19;23;41;6;1-6-19-23-41+6;0;0;3;78605,3;487;868,1;21474;8,5;281263;4,6;357142;2;7 486 753;eur;
2008098;SAMEDI  ;20081115;20090115;41;10;48;43;22;3;10-22-41-43-48+3;0;0;1;410047,9;1125;738,7;36402;9,8;452219;5,6;781453;2;3 888 531;eur;
2008097;MERCREDI;20081112;20090112;45;35;34;40;23;5;23-34-35-40-45+5;1;3000000;0;0;369;2611,3;17861;15;278521;6,8;709296;2;6 163 242;eur;
2008096;LUNDI   ;20081110;20090110;12;9;21;45;38;6;9-12-21-38-45+6;0;0;2;117543,4;532;811,2;20218;9,2;279445;4,7;384092;2;6 047 419;eur;
2008095;SAMEDI  ;20081108;20090108;25;35;33;5;22;9;5-22-25-33-35+9;1;14000000;4;155085,4;925;1233,3;50060;10;694625;5,1;919776;2;5 537 888;eur;
2008094;MERCREDI;20081105;20090105;47;4;38;15;8;7;4-8-15-38-47+7;0;0;0;0;595;1841,5;28386;10,6;415874;5,2;998107;2;9 962 947;eur;
2008093;LUNDI   ;20081103;20090103;26;2;23;20;24;8;2-20-23-24-26+8;0;0;2;117362,2;432;988,6;19464;9,6;270653;4,9;361661;2;3 430 042;eur;
2008092;SAMEDI  ;20081101;20090101;22;4;27;36;45;3;4-22-27-36-45+3;0;0;3;140455,2;732;1054,8;31721;10,6;448841;5,3;718520;2;0 033 110;eur;
2008091;MERCREDI;20081029;20081229;43;28;22;41;49;4;22-28-41-43-49+4;0;0;2;176739,3;553;1189,2;23882;12,1;351544;5,8;573078;2;7 121 362;eur;
2008090;LUNDI   ;20081027;20081227;46;37;44;4;6;2;4-6-37-44-46+2;0;0;1;220687,8;215;1913,9;13291;13,8;219880;5,9;291500;2;5 089 982;eur;
2008089;SAMEDI  ;20081025;20081225;13;11;22;46;19;3;11-13-19-22-46+3;0;0;5;94058,7;1326;646,5;49652;7,4;622273;4,2;769020;2;9 314 736;eur;
2008088;MERCREDI;20081022;20081222;11;28;12;48;14;2;11-12-14-28-48+2;0;0;3;124698,6;830;828,5;35067;8,5;478108;4,4;474495;2;3 535 114;eur;
2008087;LUNDI   ;20081020;20081220;43;7;48;31;15;3;7-15-31-43-48+3;0;0;2;121230,9;395;1113,3;16549;11,6;250445;5,5;417834;2;3 684 075;eur;
2008086;SAMEDI  ;20081018;20081218;44;35;4;32;39;10;4-32-35-39-44+10;0;0;4;124798,2;572;1568,5;27458;14,5;428079;6,6;517431;2;6 297 506;eur;
2008085;MERCREDI;20081015;20081215;49;28;18;20;40;1;18-20-28-40-49+1;1;3000000;1;367165;712;1022,7;29068;10,9;416063;5,4;532554;2;4 425 002;eur;
2008084;LUNDI   ;20081013;20081213;11;10;41;37;48;4;10-11-37-41-48+4;0;0;1;245864,4;258;1790,1;15296;13,4;260429;5,6;385898;2;3 725 522;eur;
2008083;SAMEDI  ;20081011;20081211;46;22;10;39;20;4;10-20-22-39-46+4;1;7000000;1;485170,5;752;1294,2;37419;11,5;563108;5,4;836367;2;4 461 098;eur;
2008082;MERCREDI;20081008;20081208;24;48;32;41;22;1;22-24-32-41-48+1;0;0;1;388050;417;1822,6;22589;15;376622;6,4;606599;2;8 234 403;eur;
2008081;LUNDI   ;20081006;20081206;19;33;41;24;27;9;19-24-27-33-41+9;0;0;0;0;592;1617,6;24510;10,7;353526;5,3;471642;2;4 674 648;eur;
